ClientID;Company
1;Ruecker-Klein
2;Homenick, Goldner and Quigley
3;Jakubowski Inc
4;Bogisich LLC
5;Robel-Hagenes
6;Gaylord Inc
7;Hodkiewicz, O'Kon and Kuvalis
8;Hermiston LLC
9;Hodkiewicz Bednar and Veum
10;Conn Daugherty and Miller
11;Lindgren-Torp
12;Paucek Group
13;Hansen-Quigley
14;Paucek-Satterfield
15;Bayer-Nader
16;Padberg-Runolfsdottir
17;Kovacek-Bogisich
18;Rodriguez-Bahringer
19;Johns Inc
20;Gusikowski Volkman and Reichert
21;Nader-Cremin
22;Bosco-Kreiger
23;Bode Parker and Lehner
24;Langworth LLC
25;Nader and Sons
26;Kling Johns and Kuhic
27;Runte Inc
28;Ratke LLC
29;Baumbach LLC
30;Nikolaus-Schmeler
31;Lowe Inc
32;Oberbrunner and Sons
33;Metz-Bahringer
34;Durgan-Turner
35;Block Schaden and Eichmann
36;Kub LLC
37;Romaguera-Conn
38;Skiles-Ankunding
39;Mann-Paucek
40;Cummerata Group
41;Johnson-Gerhold
42;Cummerata Olson and Bechtelar
43;Bailey-Gleason
44;Ernser-Moen
45;Dach Pollich and Lebsack
46;Koss-Lebsack
47;Vandervort-Hickle
48;Lubowitz Bednar and Berge
49;McClure LLC
50;Brakus Bosco and Bailey
51;Herman-Will
52;Greenfelder Group
53;Bosco Group
54;Beatty Waelchi and Ratke
55;Stamm Keeling and O'Keefe
56;Shields and Sons
57;Homenick Hand and Wiza
58;Welch-Gleichner
59;Oberbrunner-Blanda
60;Upton Bailey and Maggio
61;Gutkowski Group
62;Gerlach Howe and Lebsack
63;O'Reilly Inc
64;Bins Littel and Herzog
65;Pacocha LLC
66;Kozey Hyatt and Flatley
67;Klocko Russel and Grady
68;Jast Group
69;Adams Mueller and Corkery
70;Johnston Lebsack and Grimes
71;Greenfelder-Labadie
72;Lynch Group
73;Hansen and Sons
74;Kohler-Lueilwitz
75;Yundt LLC
76;Lockman-Vandervort
77;Wisoky-Schumm
78;Rice Prohaska and Tillman
79;Fritsch-O'Conner
80;Hickle Inc
81;Baumbach and Sons
82;Davis Bartoletti and Brakus
83;Hettinger-Bergstrom
84;Watsica and Sons
85;Mills Group
86;Jast LLC
87;Gislason Daniel and Abbott
88;Weber-Klocko
89;Lubowitz Leffler and Ziemann
90;Daniel Bashirian and Rice
91;DuBuque-Adams
92;Zboncak Inc
93;Cummerata Okuneva and Dicki
94;Leuschke-Leffler
95;McCullough Mills and Schultz
96;Pouros-Ratke
97;Rippin Parisian and Collins
98;Ullrich and Sons
99;DuBuque-Stanton
100;Hudson-Wisozk
101;Abshire Inc
102;Blick-Kreiger
103;McClure-Lubowitz
104;Jakubowski Satterfield and Cummerata
105;Bins-Gottlieb
106;Nienow Carroll and Barton
107;Nikolaus and Sons
108;Koss Grant and Graham
109;Oberbrunner Mayert and Tillman
110;Walker-Bartell
111;Littel Nienow and Gerlach
112;Feil Group
113;Flatley Group
114;Hettinger Crona and Crona
115;Beahan Cassin and Larson
116;McLaughlin-Hayes
117;Ernser and Sons
118;Dietrich LLC
119;Mueller Goyette and Runolfsdottir
120;Tromp Wolf and Collins
121;Stroman-Paucek
122;O'Conner Inc
123;Stamm-Nolan
124;Hahn Balistreri and Borer
125;Olson and Sons
126;Dare-Dach
127;Kulas-Russel
128;Mann-Abernathy
129;Parisian-Homenick
130;Olson-Stark
131;Orn-Kuvalis
132;Roob-Bartell
133;Koelpin Kunze and Turner
134;Stroman Christiansen and Ziemann
135;Champlin Kuhn and Labadie
136;Weber Senger and Goyette
137;Hand LLC
138;Swift and Sons
139;Morar-Labadie
140;Bernier-Willms
141;Mosciski Satterfield and Kiehn
142;Schulist Group
143;Cruickshank and Sons
144;Gottlieb Group
145;Von-Reynolds
146;Franecki McCullough and Miller
147;Rutherford Group
148;Goldner LLC
149;Beahan Jacobson and Fahey
150;Bayer Wiegand and Stamm
151;Bogisich and Sons
152;Kub LLC
153;Wisoky-Witting
154;Stark-Hills
155;Schiller-Hegmann
156;Kessler Rippin and Leuschke
157;Fisher Corkery and Larkin
158;Cummerata-Auer
159;Considine-Wyman
160;Conroy Inc
161;Kshlerin Stamm and Bogisich
162;Schoen and Sons
163;Kshlerin Rice and Boyle
164;King-Stamm
165;Trantow Osinski and Abbott
166;Rogahn Group
167;Schinner-Johnson
168;Shields Inc
169;Denesik Group
170;Leannon Grady and Russel
171;Hahn-Becker
172;Shanahan Inc
173;Reichel-Maggio
174;Carroll-Kiehn
175;Raynor-Wunsch
176;Orn and Sons
177;Olson-Franecki
178;Walter and Sons
179;Weber and Sons
180;Carter Mueller and Cartwright
181;Bogan Inc
182;Dooley Bechtelar and Monahan
183;Weimann-O'Hara
184;Toy and Sons
185;Labadie-Dare
186;Muller-Murphy
187;Considine-Willms
188;Goodwin-Jaskolski
189;Lind-Abernathy
190;Bradtke-Lueilwitz
191;Gibson Inc
192;Powlowski Dach and Leffler
193;Runte-Nolan
194;Lind and Sons
195;Feeney-Beer
196;Gislason-Walker
197;Baumbach and Sons
198;Luettgen-Goodwin
199;Lang-Purdy
200;Cruickshank and Sons
201;Quigley and Sons
202;Wyman-Dare
203;Douglas-Beatty
204;Mitchell-Will
205;Runolfsson LLC
206;Langosh Frami and Williamson
207;Hessel Inc
208;Zemlak-Rath
209;Dare-Kiehn
210;Gislason-Johns
211;Gutmann-Satterfield
212;Schuster-Parker
213;Roberts Aufderhar and Koepp
214;McGlynn-Frami
215;Koelpin Osinski and Torphy
216;Armstrong Spinka and Reilly
217;Bayer Cronin and Bauch
218;Walker Schmitt and Hauck
219;Kessler LLC
220;Mosciski Kautzer and Russel
221;Robel LLC
222;Bashirian LLC
223;D'Amore Krajcik and Prohaska
224;Hessel-Rowe
225;Farrell Welch and Walker
226;Morar LLC
227;Langosh-Harris
228;Boehm-Reinger
229;Koelpin-Stroman
230;Johnson-Armstrong
231;O'Conner-Stoltenberg
232;Ondricka O'Connell and Brakus
233;Adams Inc
234;Bode-Mitchell
235;Quitzon-Eichmann
236;Kovacek Group
237;Gottlieb-Towne
238;O'Connell-Wehner
239;Gibson-Russel
240;Spinka Powlowski and Wolf
241;Rowe-Nitzsche
242;Harris-Dooley
243;Stokes-Towne
244;Zboncak-Labadie
245;Von-Nolan
246;Friesen Inc
247;Rohan Inc
248;Denesik Adams and Mann
249;Mills Inc
250;Little Quitzon and Daugherty
251;Spencer and Sons
252;Robel LLC
253;Bernier Corwin and Prosacco
254;Herzog Inc
255;Powlowski O'Connell and Renner
256;Tillman LLC
257;Pagac and Sons
258;Balistreri-Lebsack
259;Crist-Hintz
260;Bailey Group
261;Rice Green and Walter
262;Ward Kirlin and Breitenberg
263;Schmidt-Lesch
264;Bradtke-Breitenberg
265;Cole-Williamson
266;Gottlieb Schroeder and Windler
267;O'Connell Bode and Bode
268;O'Keefe-Aufderhar
269;Lemke Batz and Lebsack
270;Weimann and Sons
271;O'Connell Inc
272;Predovic and Sons
273;Jakubowski Schaden and Volkman
274;Hammes Hyatt and Labadie
275;Hayes-Schuppe
276;Stehr Group
277;Collins Wilderman and Pfannerstill
278;McLaughlin LLC
279;Hilpert Group
280;Medhurst LLC
281;Veum-Hudson
282;Wisoky and Sons
283;Torp LLC
284;Klein Group
285;Monahan Morar and Powlowski
286;Brakus-Bayer
287;Sporer-Schuster
288;VonRueden-Volkman
289;Rodriguez Ankunding and Kemmer
290;Will Cummerata and Schowalter
291;Feeney Marquardt and Rosenbaum
292;Bartell-Gerlach
293;Brakus Aufderhar and Adams
294;Gorczany Inc
295;Murazik Group
296;Nader Lind and Blanda
297;Harvey-Halvorson
298;VonRueden-Turner
299;Kessler Howell and Considine
300;Funk-Hegmann
301;O'Keefe Yost and Fadel
302;Stiedemann-Dicki
303;Wisoky Runolfsson and Nienow
304;Hilpert Inc
305;O'Keefe-Metz
306;Schinner Inc
307;Homenick Group
308;Gulgowski and Sons
309;Donnelly-Hessel
310;Mayert Inc
311;Steuber-Stoltenberg
312;Weber Inc
313;Kuhn Klocko and Walker
314;Kerluke LLC
315;Larkin LLC
316;Smitham-Runolfsson
317;Schultz and Sons
318;Hoppe Towne and Kertzmann
319;Wunsch Skiles and Langosh
320;Klocko-Koepp
321;O'Keefe-Abernathy
322;Rau-Veum
323;Torp Monahan and Schinner
324;Langosh-Erdman
325;Hintz-Kautzer
326;Oberbrunner LLC
327;Kautzer-Hilpert
328;Boehm Cassin and Gottlieb
329;Boyer Bartell and Pagac
330;Gerhold-Abbott
331;Weber Ryan and Russel
332;Koepp Grady and Runolfsdottir
333;Waelchi Steuber and MacGyver
334;Wyman Veum and Dickens
335;Bergstrom Greenfelder and Weissnat
336;Heller and Sons
337;Friesen-Bauch
338;Greenholt Hickle and Lueilwitz
339;Fritsch Inc
340;Block-Mraz
341;Frami Inc
342;Bins Kreiger and Morissette
343;Schiller Kling and Purdy
344;Balistreri-Oberbrunner
345;Durgan-Beahan
346;Mitchell and Sons
347;Leuschke and Sons
348;O'Keefe Group
349;Hilll Inc
350;Collins-Pagac
351;Rau Kessler and Bechtelar
352;Emard LLC
353;Ondricka-Zboncak
354;Hilll Braun and Walsh
355;Raynor-Zemlak
356;Balistreri Metz and Cormier
357;Purdy Carter and Cole
358;Price Homenick and Sawayn
359;Heller Kerluke and Cummings
360;Hagenes-Price
361;Gerlach-Deckow
362;Brakus-Jones
363;Emard Group
364;Leannon Group
365;Langosh-Pfannerstill
366;Jacobi Barton and Cruickshank
367;Cruickshank Jacobson and Collier
368;Mills-Mosciski
369;Ritchie and Sons
370;Goyette Stroman and Purdy
371;Bashirian-Marquardt
372;Predovic Inc
373;Hane Dickens and Auer
374;Carter Jones and Blanda
375;Mertz Farrell and Smith
376;Tremblay-Macejkovic
377;Lockman Mayert and Bruen
378;White Group
379;Heidenreich LLC
380;Blick Tremblay and Beahan
381;Bogan-Rath
382;Bernier and Sons
383;Muller and Sons
384;Rowe Schuster and McKenzie
385;Gutkowski Group
386;Rau-Okuneva
387;Auer Dibbert and Wunsch
388;Spencer-Sipes
389;Kreiger and Sons
390;Kessler-Hermann
391;Aufderhar Group
392;Smitham Terry and Lehner
393;Jakubowski Group
394;Dach Dare and Lynch
395;Price Cremin and Moore
396;Stokes-Bechtelar
397;Marks Inc
398;Dach-Homenick
399;Bradtke Inc
400;Torphy-Beahan
401;Kassulke Boyer and Stark
402;Frami Goyette and Moen
403;Veum-Kirlin
404;Gutkowski-Hodkiewicz
405;Kassulke and Sons
406;Okuneva-Lehner
407;Pfannerstill Wolf and Baumbach
408;Barton Inc
409;Gerlach Bednar and Legros
410;Corkery Group
411;Torphy-Dibbert
412;Altenwerth Harber and Goodwin
413;Price Kemmer and Muller
414;Monahan-Heidenreich
415;Morissette-Blick
416;Aufderhar Medhurst and Cronin
417;Paucek-Langosh
418;Baumbach Hyatt and Wilderman
419;Sawayn Inc
420;Ratke Kuhlman and Hodkiewicz
421;Ullrich and Sons
422;Yundt Feil and Douglas
423;Keebler-Haag
424;Buckridge-Koss
425;Barton Cartwright and Keebler
426;Lowe and Sons
427;Sanford Group
428;West Feest and Ferry
429;Schmitt Feeney and Barton
430;Fisher Hane and Gutmann
431;Bauch LLC
432;Doyle Group
433;Funk Rau and Crist
434;Prosacco Dach and Robel
435;McClure Inc
436;Medhurst LLC
437;Collins LLC
438;Green-Lehner
439;Schuppe and Sons
440;Sauer LLC
441;Shanahan-Schmeler
442;Halvorson-Abernathy
443;Hartmann and Sons
444;Labadie and Sons
445;Paucek Inc
446;Weber and Sons
447;Rippin Kuhic and Steuber
448;Boehm Sanford and Bernhard
449;Roberts Trantow and Wolf
450;Dooley Reichel and Kohler
451;Quitzon Graham and Marquardt
452;Berge-Mayer
453;Swaniawski Kutch and Stark
454;Rippin-Will
455;Farrell Koepp and Mohr
456;Runolfsson-Aufderhar
457;Bartell and Sons
458;Reinger-Batz
459;Kihn-Wehner
460;Quitzon Legros and Hegmann
461;Block LLC
462;Larkin Reichert and VonRueden
463;Waters Inc
464;Zulauf Baumbach and Morar
465;Brakus Conroy and Senger
466;Franecki LLC
467;Toy Fahey and Gerhold
468;Herman Inc
469;Jenkins-Morissette
470;Wiegand Inc
471;Daniel Schoen and Abernathy
472;Langworth Mueller and Stark
473;Upton-Abernathy
474;West Kutch and DuBuque
475;Kulas Group
476;Hackett-Mertz
477;Kerluke Group
478;Bogisich and Sons
479;Tromp Rice and Wyman
480;Stokes-Flatley
481;Rempel and Sons
482;O'Reilly Inc
483;Hermann LLC
484;Rippin-Eichmann
485;Ferry Group
486;Osinski Bartell and Nikolaus
487;Williamson-Thompson
488;Kuhic Runte and O'Keefe
489;Torp-Parker
490;Davis and Sons
491;Aufderhar Lindgren and Gorczany
492;McKenzie Bode and Emard
493;Walsh LLC
494;Fisher-Wisozk
495;Towne-Doyle
496;Maggio-Metz
497;Predovic Spencer and Kemmer
498;Wiegand LLC
499;Graham LLC
500;Breitenberg Inc
