employeeID;name;officeID
1;Vyky Sygroves;4
2;Archambault Burrel;2
3;Mariele Syred;3
4;Suzette Northin;4
5;Ruthe Cressar;3
6;Viviene Spaunton;3
7;Wernher Reeds;1
8;Joshia McLeod;2
9;Tove Druhan;3
10;Keven Reasce;1
11;Ginelle Duggon;3
12;Corie Corday;3
13;Prince Dowda;1
14;Colas McPheat;1
15;Frances Raylton;2
16;Elysha Idney;2
17;Malanie O'Crigane;3
18;Tamas Covotti;2
19;Bev Rubra;4
20;Chelsie Scotsbrook;2
21;Celeste Kos;2
22;Marten Goggin;3
23;Lombard Illiston;2
24;Kean Loughran;3
25;Robinet Blay;2
26;Alvera Stolworthy;2
27;Constantia Duddridge;3
28;Alicea Harback;3
29;Brant Gunderson;4
30;Del McClements;1
31;Ban Cline;3
32;Rem Dreossi;2
33;Madge Gibbons;2
34;Donovan Still;4
35;Kippie Potapczuk;2
36;Keene Gipson;3
37;Effie Gapper;4
38;Janos Baudinet;2
39;Teodora de Villier;1
40;Renaldo Hunn;4
41;Adele Bilham;4
42;Steve Teresse;1
43;Cookie Scholl;2
44;Taite Murie;2
45;Querida Joesbury;1
46;Auguste Pyke;3
47;Gianni Fosbraey;2
48;Ibby Wyldbore;1
49;Horatius Shalders;2
50;Trueman Fortune;3
