referenceID,ClientID,referenceName
1,1,Jess Schult
2,1,Davidde Skelton
3,2,Beverie Sennett
4,2,Vivienne Whiley
5,3,Cesaro Kewzick
6,3,Layne Le Frank
7,4,Lesli Beachamp
8,4,Lyda Dine-Hart
9,5,Ewen Decourt
10,5,Chase Bristow
11,6,Jobi Gallaway
12,6,Margarete Willbourne
13,7,Angel Forsbey
14,7,Jordain Beyer
15,8,Debor Yaus
16,8,Kinny Marlen
17,9,Perry Glasscoe
18,9,Judy Hegg
19,10,Jamie Roskrug
20,10,Alfy Jouhan
21,11,Billye Garey
22,11,Norry Aberkirdo
23,12,Maggie Worsfield
24,12,Ardene Goulbourn
25,13,Hill Birtwhistle
26,13,Elise Dommerque
27,14,Dominik Seth
28,14,Carlin Lyptrit
29,15,Hi Le Port
30,15,Amelie Carville
31,16,Hinze Bernardin
32,16,Latashia Cecchetelli
33,17,Gav Isoldi
34,17,Bartholomeus Droogan
35,18,Sascha Jorge
36,18,Lidia Mathissen
37,19,Geri Iannello
38,19,Allie Popplestone
39,20,Berkie MacNaughton
40,20,Sayer Rodrigues
41,21,Meris Andreini
42,21,Alric Guilliatt
43,22,Hulda Thorald
44,22,Adrian Olyunin
45,23,Petr Scantlebury
46,23,Ferris Hamlington
47,24,Zacharia Buckthought
48,24,Perry Wiffield
49,25,Marrilee Burbridge
50,25,Avery Maxwell
51,26,Ahmad Sabbins
52,26,Decca Benbow
53,27,Essy Fearick
54,27,Ambrosius Yerson
55,28,Ingram Rush
56,28,Carlynne Tschursch
57,29,Tamara Stubbington
58,29,Thea Tomkowicz
59,30,Annadiane Ramberg
60,30,Normand Arr
61,31,Alvinia Cale
62,31,Serene Jikylls
63,32,Ewen Sygroves
64,32,Aleen Sher
65,33,Noak Stormonth
66,33,Zach Stearndale
67,34,Amos Rockwell
68,34,Elmore Pocock
69,35,Skippy Shewry
70,35,Gan Breem
71,36,Julius Sterre
72,36,Vivianne Sewell
73,37,Kayne Greasley
74,37,Taddeusz Blader
75,38,Idelle Pymm
76,38,Brynn Kinnard
77,39,Morgan Loughan
78,39,Beatrisa Lillicrop
79,40,Barbee Poveleye
80,40,Ernst Klesel
81,41,Fabe Taffie
82,41,Yetta Gulley
83,42,Napoleon Josipovitz
84,42,Bidget Doggett
85,43,Garrett Murcott
86,43,Skyler MacGuiness
87,44,Simona Caro
88,44,Tadd Di Antonio
89,45,Effie Cathro
90,45,Filberte Shiels
91,46,Nessie Llewhellin
92,46,Alfreda Tapenden
93,47,Saidee Covey
94,47,Tamiko Tumayan
95,48,Shantee Tabart
96,48,Horace Currey
97,49,Kordula Koene
98,49,Joey Drew-Clifton
99,50,Zane Tallant
100,50,Ambrosius Alf
101,51,Robinson Sibbering
102,51,Herve Roberds
103,52,Winfred Bowser
104,52,Griffin Spawell
105,53,Ellen Wickersham
106,53,Marquita Ambroisin
107,54,Karee Patesel
108,54,Bryna Matteo
109,55,Carr Howes
110,55,Alma Indgs
111,56,Nadean Birnie
112,56,Finley Eggleton
113,57,Fanchon Traves
114,57,Grace Tremoille
115,58,Germaine Cryer
116,58,Darrin Eilhersen
117,59,Sydelle Ivell
118,59,Norby McCrae
119,60,Clark Hamor
120,60,Camel Brandenburg
121,61,Daisie Archdeckne
122,61,Baxie Gobell
123,62,Babara Helliwell
124,62,Benedict Mandry
125,63,Weidar Plows
126,63,Gertruda Michallat
127,64,Burton Roscow
128,64,Sherri Mullard
129,65,Annamaria Roycroft
130,65,Donielle Malkinson
131,66,Josefina Legon
132,66,Trula Cordeau]
133,67,Marcia Brockhouse
134,67,Gil Laudham
135,68,Lonee Hyde
136,68,Mollee Livett
137,69,Hobie Dudney
138,69,Wally Jonuzi
139,70,Isadora Kahan
140,70,Laurence Whaley
141,71,Crystal Wagge
142,71,Caria Willcocks
143,72,Siobhan Hewins
144,72,Skylar Bever
145,73,Frasco Ida
146,73,Dillie Guyot
147,74,Reider Bellelli
148,74,Caldwell Tordoff
149,75,Valeria Bladon
150,75,Marillin Kingsnod
151,76,Courtnay Fidelus
152,76,Margy Shawyer
153,77,Tasha Gheraldi
154,77,Berta Audritt
155,78,Viv Patrone
156,78,Ron Gilliatt
157,79,Antonin Nornasell
158,79,Caresse Skynner
159,80,Darelle Jahnig
160,80,Towny O'Hartnett
161,81,Frederigo MacCaffrey
162,81,Lana Westmerland
163,82,Marcellus Penswick
164,82,Georgeta Tschierasche
165,83,Cleve Stilgoe
166,83,Michele Biddiss
167,84,Aldo Gremain
168,84,Sascha O'Looney
169,85,Shel Burtwhistle
170,85,Rasia Surmeir
171,86,Austine Kingswood
172,86,Arleyne Studders
173,87,Rafe Backsal
174,87,Philly Kier
175,88,Caty Clissold
176,88,Rory Wroth
177,89,Sigrid Bottrill
178,89,Lynn Margrett
179,90,Reggi Baudinelli
180,90,Sissy Lansbury
181,91,Durward Kench
182,91,Bald Dible
183,92,Caril Peacocke
184,92,Gilli Mustoo
185,93,Danita Bendley
186,93,Prince Quinney
187,94,Corine Teacy
188,94,Lukas Premble
189,95,Nita Steers
190,95,Clea Churches
191,96,Teodora O' Driscoll
192,96,Cam Najera
193,97,Correy Abbis
194,97,Caesar Apdell
195,98,Sergent Segar
196,98,Tiphany Grafton
197,99,Xena Smy
198,99,Norby Stedson
199,100,Wallis Hallybone
200,100,Judith Baudassi
201,101,Patrick O'Leagham
202,101,Winifield Gather
203,102,Noe Howey
204,102,Marty Lear
205,103,Mervin Bliven
206,103,Romonda Doxsey
207,104,Dyane Orneles
208,104,Dyanna Sawday
209,105,Iormina Fusedale
210,105,Cherye Boundy
211,106,Lek Wharlton
212,106,Lucille Digweed
213,107,Janie Doyle
214,107,Candie Taveriner
215,108,Dennison Frood
216,108,Morgen Padley
217,109,Langston Marchant
218,109,Efren Rehm
219,110,Veronika Zapata
220,110,Siouxie MacCartan
221,111,Annis Bradane
222,111,Chaddy Cleverly
223,112,Kari Phethean
224,112,Dinny Guile
225,113,Bertrando Waddilove
226,113,Zonnya Bourthoumieux
227,114,Dur Lightbourn
228,114,Sibyl Scoullar
229,115,Dreddy Flanne
230,115,Mill Possel
231,116,Georgetta Jennins
232,116,Guillaume Elsdon
233,117,Arabele Reichert
234,117,Herbert Coyne
235,118,Crysta Ranger
236,118,Ramona Shieldon
237,119,Margaretta Pennicott
238,119,Iosep Hallatt
239,120,Alejandra Boutell
240,120,Hallsy Cheyne
241,121,Ketty Kaine
242,121,Quinn Abatelli
243,122,Netti Lipscomb
244,122,Rubetta Moors
245,123,Burke Peagram
246,123,Emelen Windrus
247,124,Raphael Starkings
248,124,Lay Minchella
249,125,Margie Saurat
250,125,Kissee Rowling
251,126,Claiborn Muir
252,126,Matty Mathiot
253,127,Bianca Pietri
254,127,Ettore Croall
255,128,Frans Southall
256,128,Eda Olsson
257,129,Mabelle Surgen
258,129,Bobina Legat
259,130,Fowler Pevsner
260,130,Casey Matchell
261,131,Bobbette Thrussell
262,131,Tina Domeney
263,132,Edeline Bennit
264,132,Carrol Olander
265,133,Aveline Reboulet
266,133,Kyle Huitt
267,134,Donn Lebell
268,134,Judon Chesman
269,135,Bennett Cristoforetti
270,135,Ivar Cosgrave
271,136,Adelind Copyn
272,136,Isis Mordecai
273,137,Charlean Raspin
274,137,Helga Manntschke
275,138,Nerita Candwell
276,138,Opalina Matches
277,139,Adi Seamark
278,139,Elladine Dobey
279,140,Lynea Ogan
280,140,Sarajane Willerson
281,141,Alix Doxey
282,141,Jammal Carpenter
283,142,Monique Jakubiak
284,142,Fons Arnholtz
285,143,Bev Boxhall
286,143,Modesta Girault
287,144,Mohandis Vassel
288,144,Ferdinand MacPharlain
289,145,Barclay Wahner
290,145,Byrom Faichnie
291,146,Eddie Blatcher
292,146,Noe Franses
293,147,Querida Kristiansen
294,147,Jaquenette Polgreen
295,148,Tallia Mayhow
296,148,Linette Huie
297,149,Wilburt Branton
298,149,Peggy Cubbini
299,150,Grier Jurczik
300,150,Allegra Trow
301,151,Tandi Webben
302,151,Stanislas Tiler
303,152,Cornelle Melville
304,152,Pebrook Huygens
305,153,Dilan Malpas
306,153,Lydie O' Meara
307,154,Lenci Hovey
308,154,Mavra Bakhrushkin
309,155,Eustace Clutton
310,155,Guillemette King
311,156,Hardy Smither
312,156,Melli Shard
313,157,Sascha Hammatt
314,157,Blanch Grisbrook
315,158,Davis Cambell
316,158,Idalia Buxsy
317,159,Madelaine Welland
318,159,Averill Windebank
319,160,Althea Cant
320,160,Pooh Highnam
321,161,Shelagh Oels
322,161,Koressa Frank
323,162,Amabelle Checketts
324,162,Vonnie Coates
325,163,Frasier Collerd
326,163,Jermaine Pundy
327,164,Dexter Jesson
328,164,Othilia Jerzyk
329,165,Haven Kneller
330,165,Kennett Pyecroft
331,166,Court Rubinlicht
332,166,Mallory Kelland
333,167,Moyra Simonato
334,167,Merwin Priddle
335,168,Blanca Sherar
336,168,Stacee Horlock
337,169,Kathryne Callingham
338,169,Maiga Fullwood
339,170,Holmes Brimilcombe
340,170,Ardith Blaxland
341,171,Annabella Chesley
342,171,Garreth Cardwell
343,172,Ramsey Szwandt
344,172,Anton Josephsen
345,173,Delmar Wasselin
346,173,Marcie Shellcross
347,174,Reine Crauford
348,174,Dianne Gay
349,175,Gregoire Morican
350,175,Joella Amiss
351,176,Lillian Vauter
352,176,Tobit McCarroll
353,177,Melamie Szymonowicz
354,177,Neely Beuscher
355,178,Tuck McAw
356,178,Harman Crowcher
357,179,Hakeem Archbutt
358,179,Dominik Tidbald
359,180,Tabbie Martine
360,180,Kenn Maypother
361,181,Vinnie Tomson
362,181,Linus Stanes
363,182,Tristam Jansens
364,182,Yolane Segebrecht
365,183,Daveta Pirnie
366,183,Abel Besnard
367,184,Margaux Follet
368,184,Kordula Reap
369,185,Cherye Sodory
370,185,Dre Negal
371,186,Enrico Schreiner
372,186,Arman Issatt
373,187,Maxine Tipperton
374,187,Colette Champneys
375,188,Bank Scarsbrook
376,188,Vasili Griss
377,189,Yorker Bastable
378,189,Consolata Osichev
379,190,Darlleen Openshaw
380,190,Kally Bednall
381,191,Jacinta Frammingham
382,191,Petronia Kimpton
383,192,Guido Pyson
384,192,Cherri Oakinfold
385,193,Stesha Bankes
386,193,Melba Mole
387,194,Tootsie Rawles
388,194,Marisa Corriea
389,195,Desiree Koeppe
390,195,Meagan Matteacci
391,196,Charmane Gino
392,196,Blithe Scare
393,197,Allsun Meacher
394,197,Nettie Spitell
395,198,Christi O' Scallan
396,198,Mickey Burchess
397,199,Mariska Danilin
398,199,Zuzana Skelington
399,200,Delphine Warham
400,200,Margareta Chettle
401,201,Dorita Cannan
402,201,Filmer Yeldon
403,202,Edmon Gogay
404,202,Deck Fogt
405,203,Gwenora Real
406,203,Claudette Jocelyn
407,204,Jon Akers
408,204,Lib Kertess
409,205,Guenna Hulstrom
410,205,Pippy Wetherby
411,206,Adolphus Boerder
412,206,Opalina Brun
413,207,Whitman Kielt
414,207,Lorry Starton
415,208,Trixy Kettleson
416,208,Melva Embery
417,209,Sydney Beeden
418,209,Angelico Hartness
419,210,Nona Stearne
420,210,Earle Mcettrick
421,211,Arne Mac
422,211,Ashlen Hawkswood
423,212,Chariot Anstee
424,212,Quintina Aseef
425,213,Dael Hugueville
426,213,Meade Shoulders
427,214,Ardyth Dimsdale
428,214,Barn Drohun
429,215,Ollie Faye
430,215,Doris Rizon
431,216,Jeremias Briers
432,216,Parnell Levett
433,217,Fanechka Rawcliff
434,217,Deva O'Kieran
435,218,Haroun Ryves
436,218,Kalila Braunes
437,219,Haven Seagar
438,219,Vladamir Baudichon
439,220,Meryl Casero
440,220,Siegfried McGlaughn
441,221,Ike Basini-Gazzi
442,221,Charissa Bengough
443,222,Hermann Kubatsch
444,222,Teodorico Walas
445,223,Rhodia Kennerley
446,223,Marne Krook
447,224,Seumas Raftery
448,224,Xenos Darbishire
449,225,Jayson Loyd
450,225,Hedy Startin
451,226,Jenine Frosch
452,226,Court Opfer
453,227,Mordecai Swadlinge
454,227,Beryle Mushet
455,228,Gaelan Duddell
456,228,Shepard Villiers
457,229,Kylen Temblett
458,229,Kevina Ridgers
459,230,Brandea Dunne
460,230,Dayna Dunster
461,231,Inge Crips
462,231,Blair Probbings
463,232,Daniella Robic
464,232,Arvie Balazs
465,233,Carce Walton
466,233,Gaston Larmet
467,234,Celestyn Ohms
468,234,Rory Touhig
469,235,Isabelle Pierpoint
470,235,Conrad Garrattley
471,236,Riva Clemits
472,236,Hamnet Olekhov
473,237,Lucita Wordsley
474,237,Elka Rothon
475,238,Osborne Windham
476,238,Lena Corrison
477,239,Nari De Domenico
478,239,Law Leese
479,240,Zonda Livings
480,240,Everett Reed
481,241,Lilias Ericsson
482,241,Chandal Jaan
483,242,Tremaine Agdahl
484,242,Devin Mothersdale
485,243,Elroy Gartery
486,243,Findlay Crossman
487,244,Mela Raynard
488,244,Margi Lowrie
489,245,Steffane Papaccio
490,245,Carmelia Cavell
491,246,Ara Dun
492,246,Fletcher Reford
493,247,Miner Byllam
494,247,Georg Damsell
495,248,Starlin Butterly
496,248,Britte Tonner
497,249,Chevalier Buller
498,249,Anthia Altamirano
499,250,Herbie Benardette
500,250,Pippo Motten
501,251,Gabie Ghilardini
502,251,Auberon Grishanov
503,252,Ferdinand Shevell
504,252,Ravid Blooman
505,253,Aloysia Beardow
506,253,Marmaduke Collens
507,254,Rustin Sapir
508,254,Alfi Fibbit
509,255,Mala Taffrey
510,255,Shepard Neely
511,256,Garreth Gounard
512,256,Sari Batha
513,257,Pattie Hardwidge
514,257,Frans Kielt
515,258,Felike Cottee
516,258,Catina Karlmann
517,259,Ermentrude Laphorn
518,259,Jobye Applin
519,260,Robbert Tanswell
520,260,Gannon Hessentaler
521,261,Melisenda Drayson
522,261,Taylor Domanski
523,262,Vasilis De Mitri
524,262,Alla Mence
525,263,Teodoro Murch
526,263,Omar McEvay
527,264,Baxie Goolding
528,264,Montgomery Player
529,265,Wood Kitcatt
530,265,Billi Gonsalo
531,266,Patric Kobierra
532,266,Roldan Jeacock
533,267,Kaitlin Kelshaw
534,267,Benoite Bogaert
535,268,Shirleen Fright
536,268,Mag Roxby
537,269,Miriam Brosi
538,269,Carmita Lardner
539,270,Corine Tilbey
540,270,Mickie MacNeilage
541,271,Carmine Berge
542,271,Dion Filshin
543,272,Andrei Dossetter
544,272,Mario Warbys
545,273,Kristyn Brisco
546,273,Lissa Presser
547,274,Becky Duffie
548,274,Enrica Klosterman
549,275,Moria Dewhirst
550,275,Courtnay Yearns
551,276,Jamaal Treace
552,276,Laurianne Giorgiutti
553,277,Sammy Sante
554,277,Kippie Crewe
555,278,Neddy Lambe
556,278,Helaina Vedyasov
557,279,Janelle Wones
558,279,Joannes Willimott
559,280,Cynthia Giottini
560,280,Pier Garthside
561,281,Ike Eagles
562,281,Brandy Clemitt
563,282,Thebault Hue
564,282,Wyndham Gosden
565,283,Marlin Banghe
566,283,Roanna Doumenc
567,284,Dal Stoddart
568,284,Hailey Van den Velde
569,285,Maxy Parlot
570,285,Gerti Stilgoe
571,286,Odette Conti
572,286,Adriane Rays
573,287,Shelagh Rabidge
574,287,Liza Windaybank
575,288,Cassie Ibbeson
576,288,Cecilia Widocks
577,289,Ellynn McGrill
578,289,Bendick Mowett
579,290,Cheri Clearie
580,290,Sybille Burfield
581,291,Hussein Artindale
582,291,Kalvin Ajean
583,292,Erskine Colling
584,292,Bobine Bould
585,293,Oliver Maudett
586,293,Edmon Kilday
587,294,Domenico Kitteridge
588,294,Ronald Gallyon
589,295,Rania Wolfe
590,295,Panchito Viscovi
591,296,Vivianne Yabsley
592,296,Erich Skatcher
593,297,Hedvig McIan
594,297,Adlai Scraney
595,298,Deena Georges
596,298,Yetta Otto
597,299,Gianina McClaren
598,299,Yard Thecham
599,300,Norris Fagg
600,300,Stevana Linstead
601,301,Leandra Sutterby
602,301,Bonnie Guinness
603,302,Myron Godsal
604,302,Josselyn Pragnell
605,303,Flem Bockmann
606,303,Clarance Buckner
607,304,Zora Garmanson
608,304,Hedi Buche
609,305,Patrizius Ghidotti
610,305,Esma Fricker
611,306,Josephine Litt
612,306,Lay Anderson
613,307,Perkin Sahlstrom
614,307,Paige Morter
615,308,Maria Habert
616,308,Randi Malamore
617,309,Ario Casero
618,309,Wilburt Taig
619,310,Arnie Oleszkiewicz
620,310,Sigrid Matschoss
621,311,Dimitry Hazlegrove
622,311,Vladamir Millbank
623,312,Charissa Futter
624,312,Benton Gimber
625,313,Roxana Kurtis
626,313,Bonnie Delepine
627,314,Nikolaus Keppe
628,314,Nappie Beeble
629,315,Jeth Petrovsky
630,315,Benedetto Tozer
631,316,Morse Woodnutt
632,316,Annadiana Crumley
633,317,Benedick Domesday
634,317,Jonas Triplow
635,318,Gunner Penketh
636,318,Gisela Cheese
637,319,Clara Warden
638,319,Katerina Praundlin
639,320,Jeremiah Cobbin
640,320,Isis Matuszynski
641,321,Hayward Fermoy
642,321,Devlen Arndt
643,322,Steward Tisun
644,322,Jenda Hainey
645,323,Ranee Tute
646,323,Raddy Swallwell
647,324,Jareb Driuzzi
648,324,Justino Thody
649,325,Orazio McCallion
650,325,Sarene Agron
651,326,Vinita Cuttelar
652,326,Selie Yakovitch
653,327,Katleen Ferrier
654,327,Teddi Coneybeer
655,328,Alric Kesey
656,328,Kaitlyn Foister
657,329,Corenda Sims
658,329,Karlik Harrigan
659,330,Trixy Funcheon
660,330,Alvis Glavis
661,331,Rozalie Digman
662,331,Gail Divers
663,332,Kaja Hunte
664,332,Gabriella Gelsthorpe
665,333,Erskine Blanking
666,333,Willey Carabine
667,334,Jerry Birdis
668,334,Jehanna Tardiff
669,335,Tremaine Lipprose
670,335,Willi Aherne
671,336,Ninon Esler
672,336,Philipa Stanhope
673,337,Harald Ricciardiello
674,337,Candis Johananoff
675,338,Francine Tomasino
676,338,Verile Annell
677,339,Rainer Bucktrout
678,339,Quillan Carlton
679,340,Fanechka Vasey
680,340,Lesley Yokel
681,341,Hedy Matys
682,341,Allene Simonutti
683,342,Sid Greenfield
684,342,Franny Scyner
685,343,Ginevra Cradduck
686,343,Averil Dalgarnocht
687,344,Bevin Levicount
688,344,Madelon Alenikov
689,345,Mallorie Bradman
690,345,Giacinta Spratley
691,346,Lamar Santo
692,346,Hillyer Hulks
693,347,Salomone Stredwick
694,347,Isabelle Ipsgrave
695,348,Darryl Farry
696,348,Huntington Tring
697,349,Twila Forson
698,349,Lucila Exton
699,350,Giles Batteson
700,350,Jenilee Saer
701,351,Alessandro Sissot
702,351,Lynnelle Franceschelli
703,352,Adda Sans
704,352,Loreen Schultz
705,353,Karrah Titcomb
706,353,Lothaire Melchior
707,354,Layton Ludmann
708,354,Alva Finnick
709,355,Hallie O'Carroll
710,355,Chance Guise
711,356,Shandy Aspin
712,356,Valry Sumpton
713,357,Raphaela Wayper
714,357,Had Summerlie
715,358,Demetra Penhaleurack
716,358,Deeanne Elstone
717,359,Dorree Crellim
718,359,Claudine Keenleyside
719,360,Harmonie Heppenspall
720,360,Roderick Loveguard
721,361,Jared Carle
722,361,Drucill Coppin
723,362,Katina Elrick
724,362,Marijn Bodycote
725,363,Hephzibah Tredger
726,363,Ewell Eckley
727,364,Jesus Eva
728,364,Darsey Pressdee
729,365,Phaidra Ekkel
730,365,Benji Windous
731,366,Dorothy Helian
732,366,Ginger Lincke
733,367,Laryssa Clilverd
734,367,Bernadette Chick
735,368,Saxon Guillard
736,368,Guthrie Marvell
737,369,Pablo Stamp
738,369,Langsdon Icke
739,370,Merrili Boumphrey
740,370,Valeda Nulty
741,371,Constantia Holah
742,371,Zelma Risborough
743,372,Vittorio Milkins
744,372,James Temblett
745,373,Riccardo Powis
746,373,Wilek Moberley
747,374,Palmer Melland
748,374,Imojean Franzotto
749,375,Xavier Baudone
750,375,Benjamin Georgescu
751,376,Alphard Cornau
752,376,Mavra Fass
753,377,Maurine Errichelli
754,377,Filide Garrals
755,378,Shandeigh Broadhead
756,378,Dorotea Gagan
757,379,Lindsy Lalor
758,379,Daven Shawl
759,380,Maryrose Tanti
760,380,Harley Tyt
761,381,Maria Markie
762,381,Estel Cockburn
763,382,Gael Dachs
764,382,Florella Vigars
765,383,Perkin Gonnard
766,383,Case Colombier
767,384,Carlynn Gillatt
768,384,Marion Winley
769,385,Fin Muncie
770,385,Gardener Sharkey
771,386,Francisco Crellin
772,386,Jacquenette Skeech
773,387,Meyer MacClay
774,387,Karen McQuirk
775,388,Irma Bothen
776,388,Reggi Minogue
777,389,Cristian Amis
778,389,Olympie Raphael
779,390,Blithe Adamoli
780,390,Hewet McTurk
781,391,Averil Dolman
782,391,Mariellen Kempster
783,392,Gale Joao
784,392,Elene Everest
785,393,Matilde Jacobsen
786,393,Eleonore Kells
787,394,Meredeth Garden
788,394,Cristi Duffil
789,395,Stafford Roe
790,395,Catherine Banham
791,396,Glenn Willman
792,396,Aubrey Cubin
793,397,Carlynne Coughlan
794,397,Neils Machen
795,398,Aurore McCree
796,398,Ashton Borrows
797,399,Lorena Jore
798,399,Sharleen Huddles
799,400,Leonardo Spivie
800,400,Prent Mobley
801,401,Giacopo Doget
802,401,Edik Gambrell
803,402,Ferdy Blackborow
804,402,Julianne Perris
805,403,Jereme Heinicke
806,403,Kora Viollet
807,404,Franz Gaffey
808,404,Berry Ashtonhurst
809,405,Devonna Howselee
810,405,Lurlene Whetson
811,406,Vanna Kearsley
812,406,Lisbeth Leete
813,407,Harman Loades
814,407,Bryana Gasparro
815,408,Georgiana Arnow
816,408,Maisey Ubsdell
817,409,Chaunce Pauly
818,409,Valaree Sancias
819,410,Rosanna Stegel
820,410,Lind Rowland
821,411,Baryram Haversum
822,411,Kassie Ephgrave
823,412,Timofei Likely
824,412,Brock Gabits
825,413,Issie Dmitrovic
826,413,Sven Larive
827,414,Rebecca Vampouille
828,414,Roby de Tocqueville
829,415,Ryan Lippingwell
830,415,Auria Laux
831,416,Anthiathia Sabey
832,416,Gipsy Seamons
833,417,Cathleen Mugg
834,417,Caitlin Papaminas
835,418,Sara Gretton
836,418,Gustavo D'Cruze
837,419,Brenn Savage
838,419,Nobie McKissack
839,420,Elsi Doyley
840,420,Kizzee Vicar
841,421,Penni Hansard
842,421,Aldric Kolodziejski
843,422,Augustina Hadwen
844,422,Frayda Tinkler
845,423,Timmi Aicheson
846,423,Rena Slesser
847,424,Rachelle O'Docherty
848,424,Sayres Martensen
849,425,Siusan Morsey
850,425,Courtnay Chaney
851,426,Alli Robottom
852,426,Ainslee Durban
853,427,Ives Jacobs
854,427,Derron Kensitt
855,428,Darbie Maas
856,428,Flora Willey
857,429,Anny Goburn
858,429,Timmie Slarke
859,430,Ellwood Alliker
860,430,Domenic Jeffree
861,431,Maryellen Darkin
862,431,Margo Pietasch
863,432,Sarene Richley
864,432,Elmo Gladman
865,433,Linnea Campkin
866,433,Natassia Erie
867,434,Ruthy Fealey
868,434,Yulma Purdom
869,435,Florie Parlour
870,435,Reider Canto
871,436,Leanora Copson
872,436,Parsifal Creaney
873,437,Joli Cathrall
874,437,Janelle Clawson
875,438,Bertie Grivori
876,438,Aldric Kimmince
877,439,Jacinda Scolts
878,439,Rianon McKinnon
879,440,Fayth Learoid
880,440,Hobie Hullock
881,441,Ruggiero Rebert
882,441,Brenn Naul
883,442,Harwilll Dugald
884,442,Cissy Sidwick
885,443,Erick Hirsch
886,443,Karrie Caffin
887,444,Robinetta Varfolomeev
888,444,Jervis McDell
889,445,Helge Condliffe
890,445,Zola Giovanizio
891,446,Ginelle Pandey
892,446,Shandee Kleinmintz
893,447,Shayna Thomasson
894,447,Dalia Robertacci
895,448,Catherina Witcomb
896,448,Ora Twelvetree
897,449,Eloisa Purcell
898,449,Tabbitha Aggett
899,450,Carolynn Jupe
900,450,Myrtie Scripps
901,451,Mic Phidgin
902,451,Veda Lum
903,452,Dulciana Blowen
904,452,Davidde Deyes
905,453,Hailey Bellenger
906,453,Fidel Kail
907,454,Doti Ridding
908,454,Lyn Siehard
909,455,Rosana Lovett
910,455,Nora Palfery
911,456,Cinnamon Rivett
912,456,Amby Ballchin
913,457,Spenser Kerwick
914,457,Yuma Whiffen
915,458,Mattie Langeley
916,458,Dennie Bearfoot
917,459,Carl Sanja
918,459,Bronny Ingall
919,460,Leslie Gosling
920,460,Kirbee Cobbled
921,461,Samuel Houlden
922,461,Lyda Cornelleau
923,462,Moises Gerling
924,462,Goddart Semper
925,463,Bayard Kitcherside
926,463,Fleurette Farnaby
927,464,Casey Revington
928,464,Verne Rounsivall
929,465,Agathe Giacomo
930,465,Agnes Storrah
931,466,Lyell Nolte
932,466,Linn Linnett
933,467,Elva Player
934,467,Jennine Hilbourne
935,468,Margarete Scough
936,468,Stevy Fotheringham
937,469,Guglielma Longo
938,469,Yuma Emsden
939,470,Cass Piquard
940,470,Elizabet Richings
941,471,Ardenia Beaulieu
942,471,Pen Costello
943,472,Dacey Gorman
944,472,Francklyn Kiraly
945,473,Janeen Dermott
946,473,Meredith Dowrey
947,474,Hodge Arends
948,474,Godwin Streeton
949,475,Simmonds Ducker
950,475,Hasheem Surplice
951,476,Betteann Lasseter
952,476,Lorain Sherrard
953,477,Fiorenze Quene
954,477,Clywd Huckabe
955,478,Leighton Bolan
956,478,Genny Parsall
957,479,Audra Prangle
958,479,Bartel Walczynski
959,480,Dodi Longwood
960,480,Yorgos Gypps
961,481,Blinnie Grayshan
962,481,Enrica Waker
963,482,Aldous Barkworth
964,482,Amaleta Dodwell
965,483,Honey Drillingcourt
966,483,Terence Hembery
967,484,Connor Jewis
968,484,Paula Goosnell
969,485,Tersina Soutar
970,485,Cyndia Houldin
971,486,Hunter Purkins
972,486,Lucretia Gutherson
973,487,Sigfried Beamson
974,487,Malissa Rashleigh
975,488,Kelly Wabb
976,488,Kiley Ridehalgh
977,489,Camille Jakeman
978,489,Vyky Danilyuk
979,490,Thatch Howett
980,490,Derrick Clorley
981,491,Roslyn Felten
982,491,Brenden Burkman
983,492,Lauren Hoggetts
984,492,Wileen Payfoot
985,493,Verina Norree
986,493,Raddie McKintosh
987,494,Ludovika Thirlwall
988,494,Emilee MacCartan
989,495,Thorndike Norvill
990,495,Waring Truter
991,496,Brianne Lace
992,496,Christa Merrison
993,497,Tara Rustan
994,497,Lib Harrington
995,498,Clementius Alton
996,498,Edita Dimmick
997,499,Monah Di Baudi
998,499,Dwayne Haveline
999,500,Leigha Aloigi
1000,500,Andi Parriss
